{"type":"header","name":"Header","sections":{"announcement-bar":{"type":"static-announcement","disabled":true,"settings":{"show_announcement":true,"homepage_announcement":false,"announcement_text":"Announce something here","announcement_text_mobile":"","announcement_link":"","announcement_color":"#000000","announcement_background":"#f5f3ed"}},"utility-bar":{"type":"static-utility-bar","disabled":true,"settings":{"use_full_width":false,"background_color":"#1b175d","link_color":"#ffffff","link_hover_color":"#ffffff","border_color":"rgba(0,0,0,0)","menu":"","show_menu_mobile":true,"mobile_layout":"below","show_locale_selector":true,"show_currency_selector":true,"show_social_icons":true}},"header":{"type":"static-header","settings":{"sticky_header":true,"full_width_header":false,"logo":"shopify:\/\/shop_images\/braille-bullet-white_805x179_12f3b230-ade9-47bc-9ac5-27410963e9f4.webp","logo_height":100,"logo_width":200,"enable_currency_converter":true,"filter_search_by":"disabled","enable_live_search":true,"show_mobile_search_bar":false,"enable_live_search_images":true,"quick_links":"","menu":"main-menu","secondary_menu":"","small_promo_heading":"","small_promo_text":"","small_promo_text_mobile":"","small_promo_link":"","small_promo_icon":"none","cart_icon":"icon-cart"}}},"order":["announcement-bar","utility-bar","header"]}