{"sections":{"main":{"type":"static-collection","blocks":{"filter-1":{"type":"filter","disabled":true,"settings":{"filter_option":"faceted","filter_groups":"collapse_all","show_filter_product_count":true,"filter_style":"tags","filter_limit":"999","grid_categories":"","custom_ordered_categories":"","custom_ordered_tags":"","excluded_tags":"","excluded_groups":""}},"menu_NqMtFM":{"type":"menu","settings":{"menu":"application","show_prod_count":false,"menu_depth_range":3}},"menu_UNQ9tR":{"type":"menu","settings":{"menu":"lithium-ion","show_prod_count":false,"menu_depth_range":1}},"menu_MWx3Yd":{"type":"menu","settings":{"menu":"advanced-agm","show_prod_count":false,"menu_depth_range":1}},"menu_mnHRfP":{"type":"menu","settings":{"menu":"accessories","show_prod_count":false,"menu_depth_range":1}}},"block_order":["filter-1","menu_NqMtFM","menu_UNQ9tR","menu_MWx3Yd","menu_mnHRfP"],"settings":{"show_collection_image":false,"products_per_page_range":24,"products_per_row":"4","sort_by":true,"grid_list":true,"default_view":"grid-view","enable_subcollection":false,"show_product_count":false,"thumbnail_image":"product-image","image_crop":"original"}},"static-recently-viewed":{"type":"static-recently-viewed","settings":{"enable_recently_viewed_products":true}}},"order":["main","static-recently-viewed"]}