{"sections":{"dynamic_collection_list_iEe7bY":{"type":"dynamic-collection-list","blocks":{"collection_J98EFp":{"type":"collection","settings":{"collection":"lightweight-agm","title":""}},"collection_NY8a3i":{"type":"collection","settings":{"collection":"edurance-agm","title":""}},"collection_fBTiPe":{"type":"collection","settings":{"collection":"micro-lite-lithium","title":""}},"collection_VNjgqX":{"type":"collection","settings":{"collection":"green-lite-lithium","title":""}},"collection_LYnK9c":{"type":"collection","settings":{"collection":"intensity-lithium","title":""}},"collection_akF3Vt":{"type":"collection","settings":{"collection":"intensity-carbon-lithium","title":""}},"collection_FmAzby":{"type":"collection","settings":{"collection":"fleet-lite","title":""}}},"block_order":["collection_J98EFp","collection_NY8a3i","collection_fBTiPe","collection_VNjgqX","collection_LYnK9c","collection_akF3Vt","collection_FmAzby"],"settings":{"title":"Welcome to ShopBraille, Braille Battery’s online shopping  or give us a call at 1-800-764-4708 to place an order. Please note: Shipping times vary - Please allow 7-10 business days for shipping.","thumbnail_columns_desktop":4,"thumbnail_columns_mobile":2,"image-crop":"original","cta_label":"","cta_link":"","cta_button_style":"primary"}},"dynamic_promo_mosaic":{"type":"dynamic-promo-mosaic","blocks":{"promotion-1":{"type":"promotion","settings":{"image":"shopify:\/\/shop_images\/34859387_953190484806054_7481399912244969472_o_1350x760_3964273d-1562-4f4a-8908-3cfb34c4d6b2.jpg","title":"Lighter - Stronger - Faster","text":"Daily Driven Street To Track Day Cars","color":"#ffffff","block_link":"shopify:\/\/collections\/performance-auto","button_text":"Shop Now","button_style":"primary","show_overlay":true,"background":"#000000","opacity":15}},"promotion-2":{"type":"promotion","settings":{"image":"shopify:\/\/shop_images\/Schubert-fullsizeoutput_6310_704x480_2ab35179-2015-4459-b545-8c3591a474c1.jpg","title":"Motorcycles - AGM & Lithium","text":"Sport bikes To Custom baggers!!","color":"#ffffff","block_link":"shopify:\/\/collections\/motorcycles-1","button_text":"Shop Now","button_style":"primary","show_overlay":true,"background":"#000000","opacity":15}},"promotion-3":{"type":"promotion","settings":{"image":"shopify:\/\/shop_images\/petrol-generator_832x480_32b0b1b3-35e8-4f64-889d-8a83def45718.jpg","title":"Golf Cart * Trolling Motor * Backup & Emergency Power","text":"","color":"#ffffff","block_link":"shopify:\/\/collections\/power-supplies","button_text":"Shop Now","button_style":"primary","show_overlay":true,"background":"#000000","opacity":15}},"promotion-4":{"type":"promotion","settings":{"image":"shopify:\/\/shop_images\/chevrolet-introduces-the-corvette-z06-c7r-special-edition-94803_1_1350x900_4d3d43de-077f-48fc-9c46-94bc7cc76fc9.jpg","title":"Vintage To Pro Race Cars","text":"","color":"#ffffff","block_link":"shopify:\/\/collections\/racing-auto","button_text":"Shop Now","button_style":"primary","show_overlay":true,"background":"#000000","opacity":15}},"promotion_YUGeHb":{"type":"promotion","settings":{"image":"shopify:\/\/shop_images\/07132017_mcdonald02_640x364_50bd1d4d-98bd-4b4e-b117-e5e890ee0657.jpg","title":"DRAG RACE - 16 Volt Lithium","text":"Powering Champions for a Decade!","color":"#ffffff","block_link":"shopify:\/\/collections\/super-16-volt-lithium","button_text":"Shop Now","button_style":"primary","show_overlay":true,"background":"#000000","opacity":15}}},"block_order":["promotion-1","promotion-2","promotion-3","promotion-4","promotion_YUGeHb"],"settings":{"title":"","section_height":"medium","text_alignment":"top-left","maintain_aspect_ratio":true,"compress_blocks":false}},"dynamic_promo_mosaic_y3BdMD":{"type":"dynamic-promo-mosaic","blocks":{"promotion_mkfACR":{"type":"promotion","settings":{"image":"shopify:\/\/shop_images\/PTtransporter1_1350x796_b77be9c0-6e49-4dc1-bae1-0cd1a86f26c3.jpg","title":"Trucking - 12 Volt Lithium & AGM","text":"","color":"#ffffff","block_link":"shopify:\/\/collections\/trucking-1","button_text":"Shop Now","button_style":"primary","show_overlay":false,"background":"rgba(0,0,0,0)","opacity":50}},"promotion_zriXpM":{"type":"promotion","settings":{"image":"shopify:\/\/shop_images\/water-288104_1920_992x672_43c88384-6fa6-4c67-a4c0-1b894652971b.jpg","title":"Marine","text":"Batteries for watercraft","color":"#ffffff","block_link":"shopify:\/\/collections\/marine","button_text":"Shop Now","button_style":"primary","show_overlay":false,"background":"rgba(0,0,0,0)","opacity":50}}},"block_order":["promotion_mkfACR","promotion_zriXpM"],"settings":{"title":"","section_height":"small","text_alignment":"top-left","maintain_aspect_ratio":false,"compress_blocks":false}},"dynamic_promo_grid-2":{"type":"dynamic-promo-grid","blocks":{"promotion-1":{"type":"promotion","settings":{"image":"shopify:\/\/shop_images\/1232AGM_1350x900_feb8233b-b7bc-4574-84e4-3bc95b39f864.png","title":"Chargers","text":"","color":"#4d4d4d","block_link":"shopify:\/\/collections\/lithium-chargers","button_text":"Shop Now","button_style":"primary","show_overlay":false,"background":"rgba(0,0,0,0)","opacity":50}},"promotion-2":{"type":"promotion","settings":{"image":"shopify:\/\/shop_images\/vertical-aluminum-mount-kit_540x563_d49f5345-6f02-4afd-b600-4572cce602dc.png","title":"Mounts","text":"","color":"#4d4d4d","block_link":"shopify:\/\/collections\/mounting","button_text":"Shop Now","button_style":"primary","show_overlay":false,"background":"rgba(0,0,0,0)","opacity":50}}},"block_order":["promotion-1","promotion-2"],"settings":{"title":"Battery Accessories","section_height":"small","section_columns":2,"text_alignment":"top-left"}},"dynamic_blog_posts":{"type":"dynamic-blog-posts","settings":{"title":"","blog":"news","show_date":false,"show_author":false,"show_excerpt":true}},"dynamic_logo_list_r8FXfr":{"type":"dynamic-logo-list","blocks":{"logo_PE8bwP":{"type":"logo","settings":{"image":"shopify:\/\/shop_images\/Made_in_USA-logo-1_152x145_de6371cf-b6bd-4759-b6a1-cdf4102a8724.png","link":""}},"logo_dk4TTW":{"type":"logo","settings":{"image":"shopify:\/\/shop_images\/AccaladesFab5web_1__05_157x145_987f69bc-83e9-4ec4-947e-0c6d716b664b.png","link":""}},"logo_Ci9M3T":{"type":"logo","settings":{"image":"shopify:\/\/shop_images\/AccaladesFab5web_1__02_160x145_b692e083-3df9-41e6-96af-835f54a24ccf.png","link":""}},"logo_3gqcyR":{"type":"logo","settings":{"image":"shopify:\/\/shop_images\/AccaladesFab5web_1__04_152x145_c26b49ce-5870-4153-b10c-dd35186c634e.png","link":""}},"logo_XGtFCi":{"type":"logo","settings":{"image":"shopify:\/\/shop_images\/AccaladesFab5web_1__03_151x145_152x145_97414a49-9f23-4bcc-9ea1-038e3994d93d.png","link":""}},"logo_Dc9Xt6":{"type":"logo","settings":{"image":"shopify:\/\/shop_images\/CatalogButton2022Web_157x145_91560085-2b7a-42ae-a2a3-2bd74ce47555.jpg","link":"https:\/\/cdn.shopify.com\/s\/files\/1\/0048\/7912\/2543\/files\/1-BrailleCatalog2021.pdf?v=1612905575"}}},"block_order":["logo_PE8bwP","logo_dk4TTW","logo_Ci9M3T","logo_3gqcyR","logo_XGtFCi","logo_Dc9Xt6"],"settings":{"title":""}}},"order":["dynamic_collection_list_iEe7bY","dynamic_promo_mosaic","dynamic_promo_mosaic_y3BdMD","dynamic_promo_grid-2","dynamic_blog_posts","dynamic_logo_list_r8FXfr"]}