{"sections":{"main":{"type":"page","disabled":true,"settings":{}},"1711522822c7efa88a":{"type":"apps","blocks":{"my_product_cares_registration_form_imXEHT":{"type":"shopify:\/\/apps\/my-product-cares\/blocks\/registration-form\/fd762697-cd8b-4acd-bd03-03c62edf58c9","settings":{"slug":"product-registration","mode":"normal","openRegisteredEntities":false}}},"block_order":["my_product_cares_registration_form_imXEHT"],"custom_css":[".product-section--container {margin: 0px !important;}"],"settings":{"include_padding":false}}},"order":["main","1711522822c7efa88a"]}