{"sections":{"main":{"type":"static-product","blocks":{"title":{"type":"title","settings":{}},"vendor":{"type":"vendor","settings":{}},"rating":{"type":"rating","settings":{}},"price":{"type":"price","settings":{}},"sku_tUCYJV":{"type":"sku","settings":{}},"form":{"type":"form","settings":{"enable_local_pickup":true,"show_gift_card_recipient_form":false}},"share":{"type":"share","settings":{}},"description":{"type":"description","settings":{}}},"block_order":["title","vendor","rating","price","sku_tUCYJV","form","share","description"],"settings":{"gallery_aspect_ratio":"natural","gallery_image_crop":false,"gallery_thumbnail_position":"below","gallery_video_autoplay":true,"gallery_video_looping":true,"gallery_hover_zoom":"disabled","gallery_click_to_zoom":"disabled"}},"recommendations":{"type":"static-product-recommendations","settings":{"show_product_recommendations":true,"product_recommendations_heading":"You may also like"}},"recently-viewed":{"type":"static-recently-viewed","settings":{"enable_recently_viewed_products":true}}},"order":["main","recommendations","recently-viewed"]}