[{"name":"theme_info","theme_name":"Empire","theme_author":"Pixel Union","theme_version":"11.0.0","theme_documentation_url":"http:\/\/support.pixelunion.net\/category\/385-empire","theme_support_url":"https:\/\/support.pixelunion.net\/hc\/en-us\/requests\/new"},{"name":"t:settings_schema.age_gate.name","settings":[{"type":"checkbox","id":"enable_age_gate_site_wide","label":"t:settings_schema.age_gate.enable_site_wide.label","default":false},{"type":"number","id":"age_gate_site_wide_min_age","label":"t:settings_schema.age_gate.minimum_age.label","default":18},{"type":"text","id":"age_gate_heading","label":"t:settings_schema.age_gate.heading.label","default":"Age Verification"},{"type":"text","id":"age_gate_description","label":"t:settings_schema.age_gate.description.label","default":"Please enter your date of birth for full access."},{"type":"checkbox","id":"show_age_gate_logo","label":"t:settings_schema.age_gate.show_logo.label","default":true,"info":"t:settings_schema.age_gate.show_logo.info"}]},{"name":"t:settings_schema.performance.name","settings":[{"type":"header","content":"t:settings_schema.performance.header_1.content"},{"type":"checkbox","id":"minify_scripts","label":"t:settings_schema.performance.minify_scripts.label","info":"t:settings_schema.performance.minify_scripts.info"}]},{"name":"t:settings_schema.colors.name","settings":[{"type":"header","content":"t:settings_schema.colors.header_1.content"},{"type":"color","id":"color_background","label":"t:settings_schema.colors.color_background.label","default":"#ffffff"},{"type":"color","id":"color_headings","label":"t:settings_schema.colors.color_headings.label","default":"#222222"},{"type":"color","id":"color_text","label":"t:settings_schema.colors.color_text.label","default":"#4d4d4d"},{"type":"color","id":"color_text_light","label":"t:settings_schema.colors.color_text_light.label","default":"#949494"},{"type":"color","id":"color_links","label":"t:settings_schema.colors.color_links.label","default":"#1E8570"},{"type":"header","content":"t:settings_schema.colors.header_2.content"},{"type":"color","id":"color_button_background","label":"t:settings_schema.colors.color_button_background.label","default":"#ffab41"},{"type":"color","id":"color_button_text","label":"t:settings_schema.colors.color_button_text.label","default":"#1a390c"},{"type":"color","id":"color_button_secondary_background","label":"t:settings_schema.colors.color_button_secondary_background.label","default":"#ffffff"},{"type":"color","id":"color_button_secondary_text","label":"t:settings_schema.colors.color_button_secondary_text.label","default":"#1E8570"},{"type":"color","id":"color_button_secondary_border","label":"t:settings_schema.colors.color_button_secondary_border.label","default":"#dddddd"},{"type":"header","content":"t:settings_schema.colors.header_3.content"},{"type":"color","id":"color_header_background","label":"t:settings_schema.colors.color_header_background.label","default":"#30656b"},{"type":"color","id":"color_header_text","label":"t:settings_schema.colors.color_header_text.label","default":"#ffffff"},{"type":"header","content":"t:settings_schema.colors.header_4.content"},{"type":"color","id":"color_input_text","label":"t:settings_schema.colors.color_input_text.label","default":"#4d4d4d"},{"type":"color","id":"color_input_background","label":"t:settings_schema.colors.color_input_background.label","default":"#ffffff"},{"type":"color","id":"color_input_border","label":"t:settings_schema.colors.color_input_border.label","default":"#dddddd"},{"type":"header","content":"t:settings_schema.colors.header_5.content"},{"type":"color","id":"color_product_sale_accent","label":"t:settings_schema.colors.color_product_sale_accent.label","default":"#de0101"},{"type":"color","id":"color_product_review_star","label":"t:settings_schema.colors.color_product_review_star.label","default":"#f6c347"},{"type":"color","id":"color_products_in_stock","label":"t:settings_schema.colors.color_products_in_stock.label","default":"#3C9342"},{"type":"color","id":"color_products_low_stock","label":"t:settings_schema.colors.color_products_low_stock.label","default":"#E99114"},{"type":"color","id":"color_products_no_stock","label":"t:settings_schema.colors.color_products_no_stock.label","default":"#BF262F"},{"type":"header","content":"t:settings_schema.colors.header_6.content"},{"type":"color","id":"color_footer_background","label":"t:settings_schema.colors.color_footer_background.label","default":"#f8f8f8"},{"type":"color","id":"color_footer_text","label":"t:settings_schema.colors.color_footer_text.label","default":"#5c5c5c"},{"type":"header","content":"t:settings_schema.colors.header_7.content","info":"t:settings_schema.colors.header_7.info"},{"id":"color_overlay","type":"color","label":"t:settings_schema.colors.color_overlay.label","default":"#000000"},{"id":"overlay_opacity","type":"range","min":0,"max":100,"step":5,"unit":"%","label":"t:settings_schema.colors.overlay_opacity.label","default":50}]},{"name":"t:settings_schema.typography.name","settings":[{"type":"header","content":"t:settings_schema.typography.header_1.content"},{"id":"type_size_base","type":"range","min":15,"max":18,"step":1,"unit":"px","label":"t:settings_schema.typography.type_size_base.label","default":16},{"type":"header","content":"t:settings_schema.typography.header_2.content"},{"id":"type_heading","type":"font_picker","label":"t:settings_schema.typography.type_heading.label","default":"helvetica_n7"},{"id":"type_heading_size","type":"select","label":"t:settings_schema.typography.type_heading_size.label","info":"t:settings_schema.typography.type_heading_size.info","options":[{"value":"0.8","label":"t:settings_schema.typography.type_heading_size.option_1"},{"value":"1","label":"t:settings_schema.typography.type_heading_size.option_2"},{"value":"1.2","label":"t:settings_schema.typography.type_heading_size.option_3"}],"default":"1"},{"id":"type_heading_capitalize","type":"checkbox","label":"t:settings_schema.typography.type_heading_capitalize.label","default":false},{"id":"type_heading_spacing","type":"range","min":-5,"max":25,"step":1,"unit":"%","label":"t:settings_schema.typography.type_heading_spacing.label","default":0},{"type":"header","content":"t:settings_schema.typography.header_3.content"},{"id":"type_body","type":"font_picker","label":"t:settings_schema.typography.type_body.label","default":"helvetica_n4"},{"type":"header","content":"t:settings_schema.typography.header_4.content"},{"id":"type_menu","type":"font_picker","label":"t:settings_schema.typography.type_menu.label","default":"helvetica_n4"},{"id":"type_menu_capitalize","type":"checkbox","label":"t:settings_schema.typography.type_menu_capitalize.label","default":false},{"type":"range","id":"type_menu_spacing","min":-5,"max":25,"step":1,"unit":"%","label":"t:settings_schema.typography.type_menu_spacing.label","default":0},{"type":"header","content":"t:settings_schema.typography.header_5.content"},{"id":"type_button","type":"font_picker","label":"t:settings_schema.typography.type_button.label","default":"helvetica_n4"},{"id":"type_button_capitalize","type":"checkbox","label":"t:settings_schema.typography.type_button_capitalize.label","default":false},{"id":"type_button_spacing","type":"range","min":-5,"max":25,"step":1,"unit":"%","label":"t:settings_schema.typography.type_button_spacing.label","default":0},{"type":"header","content":"t:settings_schema.typography.header_6.content"},{"id":"type_section","type":"font_picker","label":"t:settings_schema.typography.type_section.label","default":"helvetica_n4"},{"id":"type_section_capitalize","type":"checkbox","label":"t:settings_schema.typography.type_section_capitalize.label","default":false},{"id":"type_section_spacing","type":"range","min":-5,"max":25,"step":1,"unit":"%","label":"t:settings_schema.typography.type_section_spacing.label","default":0}]},{"name":"t:settings_schema.animations.name","settings":[{"type":"checkbox","id":"reduce_animations","label":"t:settings_schema.animations.reduce_animations.label","info":"t:settings_schema.animations.reduce_animations.info"}]},{"name":"t:settings_schema.layout.name","settings":[{"type":"header","content":"t:settings_schema.layout.header_1.content"},{"id":"layout_max_width","type":"range","min":1200,"max":1600,"step":100,"unit":"px","label":"t:settings_schema.layout.layout_max_width.label","default":1400}]},{"name":"t:settings_schema.products.name","settings":[{"type":"header","content":"t:settings_schema.products.header_1.content"},{"type":"checkbox","id":"product_sales_badge","label":"t:settings_schema.products.product_sales_badge.label","default":true},{"id":"product_sales_badge_style","type":"select","label":"t:settings_schema.products.product_sales_badge_style.label","options":[{"value":"percent","label":"t:settings_schema.products.product_sales_badge_style.option_1"},{"value":"money","label":"t:settings_schema.products.product_sales_badge_style.option_2"},{"value":"text","label":"t:settings_schema.products.product_sales_badge_style.option_3"}],"default":"percent"},{"type":"header","content":"t:settings_schema.products.header_2.content"},{"type":"checkbox","id":"inventory_status","label":"t:settings_schema.products.inventory_status.label","info":"t:settings_schema.products.inventory_status.info","default":true},{"type":"radio","id":"inventory_display","label":"t:settings_schema.products.inventory_display.label","options":[{"value":"all_products","label":"t:settings_schema.products.inventory_display.option_1"},{"value":"low_stock_threshold","label":"t:settings_schema.products.inventory_display.option_2"},{"value":"low_stock_only","label":"t:settings_schema.products.inventory_display.option_3"},{"value":"hidden","label":"t:settings_schema.products.inventory_display.option_4"}],"default":"hidden"},{"type":"checkbox","id":"inventory_transfer_notice","label":"t:settings_schema.products.inventory_transfer_notice.label","info":"t:settings_schema.products.inventory_transfer_notice.info","default":true},{"type":"range","id":"low_stock_threshold","label":"t:settings_schema.products.low_stock_threshold.label","min":1,"max":100,"step":1,"default":5},{"type":"header","content":"t:settings_schema.products.header_3.content"},{"id":"product_option_style","type":"select","label":"t:settings_schema.products.product_option_style.label","options":[{"value":"select","label":"t:settings_schema.products.product_option_style.option_1"},{"value":"radio","label":"t:settings_schema.products.product_option_style.option_2"}],"default":"select"},{"id":"sold_out_options","type":"select","label":"t:settings_schema.products.sold_out_options.label","options":[{"value":"selectable","label":"t:settings_schema.products.sold_out_options.option_1"},{"value":"disabled","label":"t:settings_schema.products.sold_out_options.option_2"},{"value":"hidden","label":"t:settings_schema.products.sold_out_options.option_3"}],"default":"selectable","info":"t:settings_schema.products.sold_out_options.info"},{"type":"checkbox","id":"select_first_available_variant","label":"t:settings_schema.products.select_first_available_variant.label","default":true},{"type":"checkbox","id":"show_dynamic_checkout_button","label":"t:settings_schema.products.show_dynamic_checkout_button.label","info":"t:settings_schema.products.show_dynamic_checkout_button.info","default":true},{"type":"checkbox","id":"enable_cart_redirection","label":"t:settings_schema.products.enable_cart_redirection.label","info":"t:settings_schema.products.enable_cart_redirection.info","default":true},{"type":"header","content":"t:settings_schema.products.header_5.content"},{"type":"range","id":"quantity_increment_value","min":1,"max":50,"step":1,"label":"t:settings_schema.products.quantity_increment_value.label","default":1},{"type":"header","content":"t:settings_schema.products.header_4.content"},{"type":"checkbox","id":"swatches_enable","label":"t:settings_schema.products.swatches_enable.label","default":true},{"type":"range","id":"swatches_product_card_size","min":16,"max":32,"step":1,"unit":"px","label":"t:settings_schema.products.swatches_product_card_size.label","default":20},{"type":"range","id":"swatches_product_page_size","min":16,"max":64,"step":1,"unit":"px","label":"t:settings_schema.products.swatches_product_page_size.label","default":32},{"type":"text","id":"swatches_swatch_trigger","label":"t:settings_schema.products.swatches_swatch_trigger.label","default":"Color"},{"type":"radio","id":"swatches_shape","label":"t:settings_schema.products.swatches_shape.label","options":[{"value":"square","label":"t:settings_schema.products.swatches_shape.option_1"},{"value":"circle","label":"t:settings_schema.products.swatches_shape.option_2"}],"default":"square"},{"type":"select","id":"swatches_option_style","label":"t:settings_schema.products.swatches_option_style.label","info":"t:settings_schema.products.swatches_option_style.info","options":[{"value":"color_swatch","label":"t:settings_schema.products.swatches_option_style.option_1"},{"value":"variant_image","label":"t:settings_schema.products.swatches_option_style.option_2"}],"default":"color_swatch"},{"type":"textarea","id":"swatches_custom_colors","label":"t:settings_schema.products.swatches_custom_colors.label","info":"t:settings_schema.products.swatches_custom_colors.info"}]},{"name":"t:settings_schema.product_grid.name","settings":[{"type":"header","content":"t:settings_schema.product_grid.header_1.content"},{"type":"checkbox","id":"product_show_vendor","label":"t:settings_schema.product_grid.product_show_vendor.label","default":true},{"type":"checkbox","id":"product_ratings_star_display","label":"t:settings_schema.product_grid.product_ratings_star_display.label","default":true},{"type":"checkbox","id":"product_grid_emphasize_price","label":"t:settings_schema.product_grid.product_grid_emphasize_price.label","info":"t:settings_schema.product_grid.product_grid_emphasize_price.info","default":true},{"type":"checkbox","id":"product_grid_show_atc_button","label":"t:settings_schema.product_grid.product_grid_show_atc_button.label","default":true},{"type":"select","id":"product_grid_show_atc","label":"t:settings_schema.product_grid.product_grid_show_atc.label","options":[{"value":"desktop","label":"t:settings_schema.product_grid.product_grid_show_atc.option_1"},{"value":"always","label":"t:settings_schema.product_grid.product_grid_show_atc.option_2"}],"default":"desktop"},{"type":"header","content":"t:settings_schema.product_grid.header_2.content"},{"type":"checkbox","id":"product_grid_show_second_image","label":"t:settings_schema.product_grid.product_grid_show_second_image.label","default":true},{"type":"select","id":"product_grid_image_style","label":"t:settings_schema.product_grid.product_grid_image_style.label","options":[{"value":"natural","label":"t:settings_schema.product_grid.product_grid_image_style.option_1"},{"value":"small","label":"t:settings_schema.product_grid.product_grid_image_style.option_2"},{"value":"medium","label":"t:settings_schema.product_grid.product_grid_image_style.option_3"},{"value":"large","label":"t:settings_schema.product_grid.product_grid_image_style.option_4"}],"default":"natural"},{"type":"checkbox","id":"product_grid_image_crop","label":"t:settings_schema.product_grid.product_grid_image_crop.label","default":true,"info":"t:settings_schema.product_grid.product_grid_image_crop.info"},{"type":"header","content":"t:settings_schema.product_grid.header_4.content"},{"type":"checkbox","id":"enable_product_compare","label":"t:settings_schema.product_grid.enable_product_compare.label","default":false},{"type":"select","id":"product_compare_display","label":"t:settings_schema.product_grid.product_compare_display.label","options":[{"value":"desktop","label":"t:settings_schema.product_grid.product_compare_display.option_1"},{"value":"always","label":"t:settings_schema.product_grid.product_compare_display.option_2"}],"default":"always"},{"type":"header","content":"t:settings_schema.product_grid.header_3.content"},{"type":"checkbox","id":"product_grid_enable_quickshop","label":"t:settings_schema.product_grid.product_grid_enable_quickshop.label","info":"t:settings_schema.product_grid.product_grid_enable_quickshop.info","default":true},{"type":"select","id":"product_grid_quick_shop_display","label":"t:settings_schema.product_grid.product_grid_quick_shop_display.label","options":[{"value":"desktop","label":"t:settings_schema.product_grid.product_grid_quick_shop_display.option_1"},{"value":"always","label":"t:settings_schema.product_grid.product_grid_quick_shop_display.option_2"}],"default":"always"}]},{"name":"t:settings_schema.social_media.name","settings":[{"type":"header","content":"t:settings_schema.social_media.header_1.content"},{"type":"text","id":"social_behance","label":"Behance","info":"https:\/\/behance.net\/"},{"type":"text","id":"social_clubhouse","label":"Clubhouse","info":"https:\/\/www.clubhouse.com\/"},{"type":"text","id":"social_discord","label":"Discord","info":"https:\/\/discord.com\/"},{"type":"text","id":"social_dribbble","label":"Dribbble","info":"https:\/\/dribbble.com\/shopify"},{"type":"text","id":"social_email","label":"t:settings_schema.social_media.social_email.label"},{"type":"text","id":"social_facebook","label":"Facebook","info":"https:\/\/www.facebook.com\/shopify"},{"type":"text","id":"social_twitter","label":"Twitter","info":"https:\/\/twitter.com\/pixelunion"},{"type":"text","id":"social_google","label":"Google","info":"https:\/\/plus.google.com\/+shopify"},{"type":"text","id":"social_flickr","label":"Flickr","info":"https:\/\/flickr.com\/"},{"type":"text","id":"social_houzz","label":"Houzz","info":"https:\/\/www.houzz.com\/"},{"type":"text","id":"social_instagram","label":"Instagram","info":"https:\/\/instagram.com\/shopify"},{"type":"text","id":"social_kickstarter","label":"Kickstarter","info":"https:\/\/www.kickstarter.com\/"},{"type":"text","id":"social_linkedin","label":"LinkedIn","info":"https:\/\/www.linkedin.com\/company\/shopify"},{"type":"text","id":"social_medium","label":"Medium","info":"https:\/\/medium.com\/"},{"type":"text","id":"social_messenger","label":"Messenger","info":"https:\/\/www.messenger.com\/"},{"type":"text","id":"social_opensea","label":"OpenSea","info":"https:\/\/opensea.io\/"},{"type":"text","id":"social_pinterest","label":"Pinterest","info":"https:\/\/www.pinterest.com\/shopify"},{"type":"text","id":"social_reddit","label":"Reddit","info":"https:\/\/www.reddit.com\/r\/shopify\/"},{"type":"text","id":"social_rss","label":"RSS","info":"https:\/\/www.shopify.com\/content-services\/feeds\/ecommerce.atom"},{"type":"text","id":"social_snapchat","label":"Snapchat","info":"https:\/\/www.snapchat.com\/"},{"type":"text","id":"social_spotify","label":"Spotify","info":"https:\/\/www.spotify.com\/"},{"type":"text","id":"social_tiktok","label":"TikTok","info":"https:\/\/tiktok.com\/@shopify"},{"type":"text","id":"social_tumblr","label":"Tumblr","info":"https:\/\/shopify.tumblr.com"},{"type":"text","id":"social_twitch","label":"Twitch","info":"https:\/\/www.twitch.tv\/"},{"type":"text","id":"social_vimeo","label":"Vimeo","info":"https:\/\/vimeo.com\/"},{"type":"text","id":"social_whatsapp","label":"WhatsApp","info":"https:\/\/www.whatsapp.com\/"},{"type":"text","id":"social_x","label":"X","info":"https:\/\/x.com\/shopify"},{"type":"text","id":"social_youtube","label":"YouTube","info":"https:\/\/www.youtube.com\/user\/shopify"}]},{"name":"t:settings_schema.favicon.name","settings":[{"type":"image_picker","id":"favicon","label":"t:settings_schema.favicon.favicon.label","info":"t:settings_schema.favicon.favicon.info"}]},{"name":"t:settings_schema.orders.name","settings":[{"type":"checkbox","id":"enable_orders_atc","label":"t:settings_schema.orders.enable_orders_atc.label"}]},{"name":"t:settings_schema.cart.name","settings":[{"type":"checkbox","id":"enable_checkout_lock_icon","label":"t:settings_schema.cart.enable_checkout_lock_icon.label","default":false},{"type":"header","content":"t:settings_schema.cart.header.content"},{"type":"paragraph","content":"t:settings_schema.cart.paragraph.content"},{"type":"checkbox","id":"enable_free_shipping_bar","label":"t:settings_schema.cart.enable_free_shipping_bar.label","default":false},{"type":"text","id":"free_shipping_minimum_amount","label":"t:settings_schema.cart.free_shipping_minimum_amount.label","info":"t:settings_schema.cart.free_shipping_minimum_amount.info","default":"300"}]},{"name":"t:settings_schema.continue_shopping_link.name","settings":[{"type":"url","id":"continue_shopping_url","label":"t:settings_schema.continue_shopping_link.continue_shopping_url.label","info":"t:settings_schema.continue_shopping_link.continue_shopping_url.info"},{"type":"checkbox","id":"continue_url_cart","label":"t:settings_schema.continue_shopping_link.continue_url_cart.label","default":true},{"type":"checkbox","id":"continue_url_404","label":"t:settings_schema.continue_shopping_link.continue_url_404.label","default":true},{"type":"checkbox","id":"continue_url_compare","label":"t:settings_schema.continue_shopping_link.continue_url_compare.label","default":true}]},{"name":"t:settings_schema.advanced.name","settings":[{"type":"header","content":"t:settings_schema.advanced.header_1.content"},{"type":"checkbox","id":"enable_back_to_top_button","label":"t:settings_schema.advanced.enable_back_to_top_button.label","default":false},{"type":"header","content":"t:settings_schema.advanced.header_2.content"},{"id":"gift_card_logo","type":"image_picker","label":"t:settings_schema.advanced.gift_card_logo.label","info":"t:settings_schema.advanced.gift_card_logo.info"}]}]